{
  "accuracy": [
    0.6464285850524902,
    0.7281249761581421,
    0.7587053775787354,
    0.7848214507102966,
    0.7926339507102966,
    0.8037946224212646,
    0.8138392567634583,
    0.8323660492897034,
    0.8408482074737549,
    0.8475446701049805,
    0.8497768044471741,
    0.848437488079071,
    0.8522321581840515,
    0.859375,
    0.8587053418159485
  ],
  "loss": [
    1.141231656074524,
    0.8958576917648315,
    0.7975537776947021,
    0.7446500062942505,
    0.701721727848053,
    0.6596322655677795,
    0.6425021290779114,
    0.5781834721565247,
    0.5418301224708557,
    0.5397780537605286,
    0.5378798246383667,
    0.5194032788276672,
    0.5243250727653503,
    0.4921366572380066,
    0.49530166387557983
  ],
  "val_accuracy": [
    0.25089284777641296,
    0.2839285731315613,
    0.5008928775787354,
    0.6598214507102966,
    0.6678571701049805,
    0.4839285612106323,
    0.6866071224212646,
    0.7250000238418579,
    0.7758928537368774,
    0.7214285731315613,
    0.8116071224212646,
    0.7678571343421936,
    0.7348214387893677,
    0.7562500238418579,
    0.7598214149475098
  ],
  "val_loss": [
    2.7509193420410156,
    3.338456153869629,
    2.680957794189453,
    1.2140520811080933,
    1.2061090469360352,
    2.357041835784912,
    1.2427608966827393,
    0.9675121903419495,
    0.7270214557647705,
    1.229137897491455,
    0.6352077722549438,
    0.8074522018432617,
    1.1384127140045166,
    0.8723682761192322,
    0.8263367414474487
  ],
  "learning_rate": [
    9.999999747378752e-05,
    9.999999747378752e-05,
    9.999999747378752e-05,
    9.999999747378752e-05,
    9.999999747378752e-05,
    9.999999747378752e-05,
    9.999999747378752e-05,
    1.9999999494757503e-05,
    1.9999999494757503e-05,
    1.9999999494757503e-05,
    1.9999999494757503e-05,
    1.9999999494757503e-05,
    1.9999999494757503e-05,
    3.999999989900971e-06,
    3.999999989900971e-06
  ]
}