{
  "accuracy": [
    0.7506696581840515,
    0.8198660612106323,
    0.8450892567634583,
    0.8564732074737549,
    0.8691964149475098,
    0.7517856955528259,
    0.7970982193946838,
    0.8075892925262451,
    0.8107143044471741,
    0.8214285969734192,
    0.8116071224212646
  ],
  "loss": [
    0.9860727787017822,
    0.6633954644203186,
    0.5608968734741211,
    0.5006130933761597,
    0.469230592250824,
    0.861967921257019,
    0.6969696879386902,
    0.6621796488761902,
    0.6425960659980774,
    0.6159639954566956,
    0.6217250227928162
  ],
  "val_accuracy": [
    0.8089285492897034,
    0.8776785731315613,
    0.8848214149475098,
    0.8928571343421936,
    0.8964285850524902,
    0.8901785612106323,
    0.8857142925262451,
    0.8776785731315613,
    0.8776785731315613,
    0.8785714507102966,
    0.8785714507102966
  ],
  "val_loss": [
    0.6314922571182251,
    0.42548835277557373,
    0.3864970803260803,
    0.366425096988678,
    0.31960663199424744,
    0.366851806640625,
    0.3875819742679596,
    0.39872005581855774,
    0.40083518624305725,
    0.39943477511405945,
    0.3999302089214325
  ],
  "learning_rate": [
    0.0010000000474974513,
    0.0010000000474974513,
    0.0010000000474974513,
    0.0010000000474974513,
    0.0010000000474974513,
    9.999999747378752e-06,
    9.999999747378752e-06,
    1.9999999949504854e-06,
    1.9999999949504854e-06,
    9.999999974752427e-07,
    9.999999974752427e-07
  ]
}