{
  "model_name": "efficientnet_b0_transfer",
  "accuracy": 0.84625,
  "macro_precision": 0.8484346283747923,
  "macro_recall": 0.84625,
  "macro_f1": 0.8410834030061695,
  "weighted_f1": 0.8410834030061695,
  "classification_report": {
    "glioma": {
      "precision": 0.8754098360655738,
      "recall": 0.6675,
      "f1-score": 0.7574468085106383,
      "support": 400.0
    },
    "meningioma": {
      "precision": 0.783641160949868,
      "recall": 0.7425,
      "f1-score": 0.7625160462130937,
      "support": 400.0
    },
    "notumor": {
      "precision": 0.9314420803782506,
      "recall": 0.985,
      "f1-score": 0.9574726609963548,
      "support": 400.0
    },
    "pituitary": {
      "precision": 0.8032454361054767,
      "recall": 0.99,
      "f1-score": 0.8868980963045913,
      "support": 400.0
    },
    "accuracy": 0.84625,
    "macro avg": {
      "precision": 0.8484346283747923,
      "recall": 0.84625,
      "f1-score": 0.8410834030061695,
      "support": 1600.0
    },
    "weighted avg": {
      "precision": 0.8484346283747922,
      "recall": 0.84625,
      "f1-score": 0.8410834030061695,
      "support": 1600.0
    }
  },
  "confusion_matrix": [
    [
      267,
      76,
      22,
      35
    ],
    [
      36,
      297,
      7,
      60
    ],
    [
      0,
      4,
      394,
      2
    ],
    [
      2,
      2,
      0,
      396
    ]
  ]
}